{
	"class_name" : "PinholeCameraParameters",
	"extrinsic" : 
	[
		-0.18356557593644077,
		-0.97162980585774483,
		0.14912813181946594,
		0.0,
		-0.9742550375952419,
		0.15962619725242799,
		-0.15920615211424172,
		0.0,
		0.13088468608441911,
		-0.17451360267775734,
		-0.97591710786778052,
		0.0,
		0.76028812742920371,
		19.971549392741359,
		26.906975297886458,
		1.0
	],
	"intrinsic" : 
	{
		"height" : 867,
		"intrinsic_matrix" : 
		[
			750.84402508110838,
			0.0,
			0.0,
			0.0,
			750.84402508110838,
			0.0,
			385.0,
			433.0,
			1.0
		],
		"width" : 771
	},
	"version_major" : 1,
	"version_minor" : 0
}