{
	"class_name" : "PinholeCameraParameters",
	"extrinsic" : 
	[
		-0.18645155927224863,
		-0.56164493438236229,
		0.8060960139633363,
		0.0,
		-0.97652545106301991,
		0.015867122037562659,
		-0.21481684725461025,
		0.0,
		0.10786037025299243,
		-0.8272262097642199,
		-0.55141902253006325,
		0.0,
		1.2375865881043495,
		9.2937543564480922,
		5.738113744878512,
		1.0
	],
	"intrinsic" : 
	{
		"height" : 867,
		"intrinsic_matrix" : 
		[
			750.84402508110838,
			0.0,
			0.0,
			0.0,
			750.84402508110838,
			0.0,
			385.0,
			433.0,
			1.0
		],
		"width" : 771
	},
	"version_major" : 1,
	"version_minor" : 0
}